Id,Name,Age,Email
1,User1,21,user1@example.com
2,User2,22,user2@example.com
3,User3,23,user3@example.com
4,User4,24,user4@example.com
5,User5,25,user5@example.com
6,User6,26,user6@example.com
7,User7,27,user7@example.com
8,User8,28,user8@example.com
9,User9,29,user9@example.com
10,User10,30,user10@example.com
11,User11,31,user11@example.com
12,User12,32,user12@example.com
13,User13,33,user13@example.com
14,User14,34,user14@example.com
15,User15,35,user15@example.com
16,User16,36,user16@example.com
17,User17,37,user17@example.com
18,User18,38,user18@example.com
19,User19,39,user19@example.com
20,User20,40,user20@example.com
21,User21,41,user21@example.com
22,User22,42,user22@example.com
23,User23,43,user23@example.com
24,User24,44,user24@example.com
25,User25,45,user25@example.com
26,User26,46,user26@example.com
27,User27,47,user27@example.com
28,User28,48,user28@example.com
29,User29,49,user29@example.com
30,User30,20,user30@example.com
31,User31,21,user31@example.com
32,User32,22,user32@example.com
33,User33,23,user33@example.com
34,User34,24,user34@example.com
35,User35,25,user35@example.com
36,User36,26,user36@example.com
37,User37,27,user37@example.com
38,User38,28,user38@example.com
39,User39,29,user39@example.com
40,User40,30,user40@example.com
41,User41,31,user41@example.com
42,User42,32,user42@example.com
43,User43,33,user43@example.com
44,User44,34,user44@example.com
45,User45,35,user45@example.com
46,User46,36,user46@example.com
47,User47,37,user47@example.com
48,User48,38,user48@example.com
49,User49,39,user49@example.com
50,User50,40,user50@example.com
51,User51,41,user51@example.com
52,User52,42,user52@example.com
53,User53,43,user53@example.com
54,User54,44,user54@example.com
55,User55,45,user55@example.com
56,User56,46,user56@example.com
57,User57,47,user57@example.com
58,User58,48,user58@example.com
59,User59,49,user59@example.com
60,User60,20,user60@example.com
61,User61,21,user61@example.com
62,User62,22,user62@example.com
63,User63,23,user63@example.com
64,User64,24,user64@example.com
65,User65,25,user65@example.com
66,User66,26,user66@example.com
67,User67,27,user67@example.com
68,User68,28,user68@example.com
69,User69,29,user69@example.com
70,User70,30,user70@example.com
71,User71,31,user71@example.com
72,User72,32,user72@example.com
73,User73,33,user73@example.com
74,User74,34,user74@example.com
75,User75,35,user75@example.com
76,User76,36,user76@example.com
77,User77,37,user77@example.com
78,User78,38,user78@example.com
79,User79,39,user79@example.com
80,User80,40,user80@example.com
81,User81,41,user81@example.com
82,User82,42,user82@example.com
83,User83,43,user83@example.com
84,User84,44,user84@example.com
85,User85,45,user85@example.com
86,User86,46,user86@example.com
87,User87,47,user87@example.com
88,User88,48,user88@example.com
89,User89,49,user89@example.com
90,User90,20,user90@example.com
91,User91,21,user91@example.com
92,User92,22,user92@example.com
93,User93,23,user93@example.com
94,User94,24,user94@example.com
95,User95,25,user95@example.com
96,User96,26,user96@example.com
97,User97,27,user97@example.com
98,User98,28,user98@example.com
99,User99,29,user99@example.com
100,User100,30,user100@example.com
