Id,Name,Age,Email,Search
1,User1,21,user1@example.com,User Submitted1
User Submitted
2,User2,22,user2@example.com,User Submitted2
User Submitted
3,User3,23,user3@example.com,User Submitted3
User Submitted
4,User4,24,user4@example.com,User Submitted4
User Submitted
5,User5,25,user5@example.com,User Submitted5
User Submitted
6,User6,26,user6@example.com,User Submitted6
User Submitted
7,User7,27,user7@example.com,User Submitted7
User Submitted
8,User8,28,user8@example.com,User Submitted8
User Submitted
9,User9,29,user9@example.com,User Submitted9
User Submitted
10,User10,30,user10@example.com,User Submitted10
User Submitted
11,User11,31,user11@example.com,User Submitted11
User Submitted
12,User12,32,user12@example.com,User Submitted12
User Submitted
13,User13,33,user13@example.com,User Submitted13
User Submitted
14,User14,34,user14@example.com,User Submitted14
User Submitted
15,User15,35,user15@example.com,User Submitted15
User Submitted
16,User16,36,user16@example.com,User Submitted16
User Submitted
17,User17,37,user17@example.com,User Submitted17
User Submitted
18,User18,38,user18@example.com,User Submitted18
User Submitted
19,User19,39,user19@example.com,User Submitted19
User Submitted
20,User20,40,user20@example.com,User Submitted20
User Submitted
21,User21,41,user21@example.com,User Submitted21
User Submitted
22,User22,42,user22@example.com,User Submitted22
User Submitted
23,User23,43,user23@example.com,User Submitted23
User Submitted
24,User24,44,user24@example.com,User Submitted24
User Submitted
25,User25,45,user25@example.com,User Submitted25
User Submitted
26,User26,46,user26@example.com,User Submitted26
User Submitted
27,User27,47,user27@example.com,User Submitted27
User Submitted
28,User28,48,user28@example.com,User Submitted28
User Submitted
29,User29,49,user29@example.com,User Submitted29
User Submitted
30,User30,20,user30@example.com,User Submitted30
User Submitted
31,User31,21,user31@example.com,User Submitted31
User Submitted
32,User32,22,user32@example.com,User Submitted32
User Submitted
33,User33,23,user33@example.com,User Submitted33
User Submitted
34,User34,24,user34@example.com,User Submitted34
User Submitted
35,User35,25,user35@example.com,User Submitted35
User Submitted
36,User36,26,user36@example.com,User Submitted36
User Submitted
37,User37,27,user37@example.com,User Submitted37
User Submitted
38,User38,28,user38@example.com,User Submitted38
User Submitted
39,User39,29,user39@example.com,User Submitted39
User Submitted
40,User40,30,user40@example.com,User Submitted40
User Submitted
41,User41,31,user41@example.com,User Submitted41
User Submitted
42,User42,32,user42@example.com,User Submitted42
User Submitted
43,User43,33,user43@example.com,User Submitted43
User Submitted
44,User44,34,user44@example.com,User Submitted44
User Submitted
45,User45,35,user45@example.com,User Submitted45
User Submitted
46,User46,36,user46@example.com,User Submitted46
User Submitted
47,User47,37,user47@example.com,User Submitted47
User Submitted
48,User48,38,user48@example.com,User Submitted48
User Submitted
49,User49,39,user49@example.com,User Submitted49
User Submitted
50,User50,40,user50@example.com,User Submitted50
User Submitted
51,User51,41,user51@example.com,User Submitted51
User Submitted
52,User52,42,user52@example.com,User Submitted52
User Submitted
53,User53,43,user53@example.com,User Submitted53
User Submitted
54,User54,44,user54@example.com,User Submitted54
User Submitted
55,User55,45,user55@example.com,User Submitted55
User Submitted
56,User56,46,user56@example.com,User Submitted56
User Submitted
57,User57,47,user57@example.com,User Submitted57
User Submitted
58,User58,48,user58@example.com,User Submitted58
User Submitted
59,User59,49,user59@example.com,User Submitted59
User Submitted
60,User60,20,user60@example.com,User Submitted60
User Submitted
61,User61,21,user61@example.com,User Submitted61
User Submitted
62,User62,22,user62@example.com,User Submitted62
User Submitted
63,User63,23,user63@example.com,User Submitted63
User Submitted
64,User64,24,user64@example.com,User Submitted64
User Submitted
65,User65,25,user65@example.com,User Submitted65
User Submitted
66,User66,26,user66@example.com,User Submitted66
User Submitted
67,User67,27,user67@example.com,User Submitted67
User Submitted
68,User68,28,user68@example.com,User Submitted68
User Submitted
69,User69,29,user69@example.com,User Submitted69
User Submitted
70,User70,30,user70@example.com,User Submitted70
User Submitted
71,User71,31,user71@example.com,User Submitted71
User Submitted
72,User72,32,user72@example.com,User Submitted72
User Submitted
73,User73,33,user73@example.com,User Submitted73
User Submitted
74,User74,34,user74@example.com,User Submitted74
User Submitted
75,User75,35,user75@example.com,User Submitted75
User Submitted
76,User76,36,user76@example.com,User Submitted76
User Submitted
77,User77,37,user77@example.com,User Submitted77
User Submitted
78,User78,38,user78@example.com,User Submitted78
User Submitted
79,User79,39,user79@example.com,User Submitted79
User Submitted
80,User80,40,user80@example.com,User Submitted80
User Submitted
81,User81,41,user81@example.com,User Submitted81
User Submitted
82,User82,42,user82@example.com,User Submitted82
User Submitted
83,User83,43,user83@example.com,User Submitted83
User Submitted
84,User84,44,user84@example.com,User Submitted84
User Submitted
85,User85,45,user85@example.com,User Submitted85
User Submitted
86,User86,46,user86@example.com,User Submitted86
User Submitted
87,User87,47,user87@example.com,User Submitted87
User Submitted
88,User88,48,user88@example.com,User Submitted88
User Submitted
89,User89,49,user89@example.com,User Submitted89
User Submitted
90,User90,20,user90@example.com,User Submitted90
User Submitted
91,User91,21,user91@example.com,User Submitted91
User Submitted
92,User92,22,user92@example.com,User Submitted92
User Submitted
93,User93,23,user93@example.com,User Submitted93
User Submitted
94,User94,24,user94@example.com,User Submitted94
User Submitted
95,User95,25,user95@example.com,User Submitted95
User Submitted
96,User96,26,user96@example.com,User Submitted96
User Submitted
97,User97,27,user97@example.com,User Submitted97
User Submitted
98,User98,28,user98@example.com,User Submitted98
User Submitted
99,User99,29,user99@example.com,User Submitted99
User Submitted
100,User100,30,user100@example.com,User Submitted100
User Submitted
